Image_Name,Prediction
d7cd090ca8,195.10000610351562
a82c3c2965,167.0
feaec917f3,201.6999969482422
7081e041aa,198.0
5dd1c0c131,181.3000030517578
22e989cc9b,163.1999969482422
9bc08e060d,165.89999389648438
faf967f332,178.5
8c9b119aa2,185.0
f27da128ab,173.6999969482422
6eb0a13a01,172.8000030517578
64d33d4c9c,184.89999389648438
eda8dfa0ed,179.39999389648438
