Image_Name,Prediction
d7cd090ca8,192.39999389648438
a82c3c2965,166.10000610351562
feaec917f3,200.5
7081e041aa,200.89999389648438
5dd1c0c131,186.3000030517578
22e989cc9b,157.1999969482422
9bc08e060d,166.10000610351562
faf967f332,176.5
8c9b119aa2,185.10000610351562
f27da128ab,179.0
6eb0a13a01,175.6999969482422
64d33d4c9c,186.5
eda8dfa0ed,179.5
