Image_Name,Prediction
d7cd090ca8,193.60000610351562
a82c3c2965,167.10000610351562
feaec917f3,198.89999389648438
7081e041aa,204.3000030517578
5dd1c0c131,181.5
22e989cc9b,163.89999389648438
9bc08e060d,168.10000610351562
faf967f332,177.10000610351562
8c9b119aa2,188.8000030517578
f27da128ab,180.60000610351562
6eb0a13a01,173.0
64d33d4c9c,188.6999969482422
eda8dfa0ed,173.6999969482422
