Image_Name,Prediction
d7cd090ca8,188.3000030517578
a82c3c2965,166.0
feaec917f3,202.0
7081e041aa,202.1999969482422
5dd1c0c131,181.5
22e989cc9b,161.6999969482422
9bc08e060d,165.6999969482422
faf967f332,177.89999389648438
8c9b119aa2,189.89999389648438
f27da128ab,178.1999969482422
6eb0a13a01,170.10000610351562
64d33d4c9c,185.39999389648438
eda8dfa0ed,175.6999969482422
