Image_Name,Prediction
d7cd090ca8,193.60000610351562
a82c3c2965,166.1999969482422
feaec917f3,198.10000610351562
7081e041aa,199.6999969482422
5dd1c0c131,183.89999389648438
22e989cc9b,161.5
9bc08e060d,164.8000030517578
faf967f332,176.60000610351562
8c9b119aa2,189.89999389648438
f27da128ab,185.6999969482422
6eb0a13a01,170.10000610351562
64d33d4c9c,186.8000030517578
eda8dfa0ed,174.6999969482422
