Image_Name,Prediction
d7cd090ca8,196.0
a82c3c2965,168.39999389648438
feaec917f3,198.0
7081e041aa,198.60000610351562
5dd1c0c131,185.89999389648438
22e989cc9b,158.3000030517578
9bc08e060d,164.60000610351562
faf967f332,176.8000030517578
8c9b119aa2,183.0
f27da128ab,181.0
6eb0a13a01,172.8000030517578
64d33d4c9c,189.3000030517578
eda8dfa0ed,177.5
