Image_Name,Prediction
d7cd090ca8,180.89999389648438
a82c3c2965,165.10000610351562
feaec917f3,210.3000030517578
7081e041aa,203.60000610351562
5dd1c0c131,178.0
22e989cc9b,160.39999389648438
9bc08e060d,164.89999389648438
faf967f332,174.6999969482422
8c9b119aa2,188.39999389648438
f27da128ab,189.1999969482422
6eb0a13a01,166.8000030517578
64d33d4c9c,182.8000030517578
eda8dfa0ed,171.39999389648438
