Image_Name,Prediction
d7cd090ca8,188.6999969482422
a82c3c2965,155.3000030517578
feaec917f3,205.60000610351562
7081e041aa,198.8000030517578
5dd1c0c131,180.5
22e989cc9b,159.1999969482422
9bc08e060d,164.39999389648438
faf967f332,173.6999969482422
8c9b119aa2,180.10000610351562
f27da128ab,181.0
6eb0a13a01,159.60000610351562
64d33d4c9c,190.89999389648438
eda8dfa0ed,172.0
