Image_Name,Prediction
d7cd090ca8,190.0
a82c3c2965,160.0
feaec917f3,202.8000030517578
7081e041aa,212.0
5dd1c0c131,184.5
22e989cc9b,159.39999389648438
9bc08e060d,167.1999969482422
faf967f332,175.0
8c9b119aa2,190.10000610351562
f27da128ab,188.5
6eb0a13a01,168.0
64d33d4c9c,188.10000610351562
eda8dfa0ed,170.0
