Image_Name,Prediction
d7cd090ca8,191.10000610351562
a82c3c2965,159.3000030517578
feaec917f3,195.8000030517578
7081e041aa,195.3000030517578
5dd1c0c131,184.0
22e989cc9b,157.0
9bc08e060d,170.10000610351562
faf967f332,172.10000610351562
8c9b119aa2,178.89999389648438
f27da128ab,179.39999389648438
6eb0a13a01,166.5
64d33d4c9c,190.8000030517578
eda8dfa0ed,170.89999389648438
