Image_Name,Prediction
d7cd090ca8,191.8000030517578
a82c3c2965,161.10000610351562
feaec917f3,203.1999969482422
7081e041aa,196.60000610351562
5dd1c0c131,176.3000030517578
22e989cc9b,158.8000030517578
9bc08e060d,173.39999389648438
faf967f332,170.5
8c9b119aa2,184.8000030517578
f27da128ab,174.10000610351562
6eb0a13a01,166.39999389648438
64d33d4c9c,188.0
eda8dfa0ed,171.3000030517578
