Image_Name,Prediction
d7cd090ca8,186.5
a82c3c2965,160.5
feaec917f3,198.8000030517578
7081e041aa,202.39999389648438
5dd1c0c131,182.10000610351562
22e989cc9b,156.0
9bc08e060d,165.5
faf967f332,175.1999969482422
8c9b119aa2,189.3000030517578
f27da128ab,186.6999969482422
6eb0a13a01,163.89999389648438
64d33d4c9c,190.6999969482422
eda8dfa0ed,170.39999389648438
