Image_Name,Prediction
d7cd090ca8,190.10000610351562
a82c3c2965,157.89999389648438
feaec917f3,197.0
7081e041aa,204.1999969482422
5dd1c0c131,179.89999389648438
22e989cc9b,157.6999969482422
9bc08e060d,161.10000610351562
faf967f332,174.5
8c9b119aa2,183.3000030517578
f27da128ab,174.60000610351562
6eb0a13a01,165.6999969482422
64d33d4c9c,192.0
eda8dfa0ed,177.10000610351562
