Image_Name,Prediction
d7cd090ca8,195.0
a82c3c2965,163.5
feaec917f3,194.39999389648438
7081e041aa,198.6999969482422
5dd1c0c131,183.0
22e989cc9b,155.6999969482422
9bc08e060d,166.3000030517578
faf967f332,173.5
8c9b119aa2,180.3000030517578
f27da128ab,177.1999969482422
6eb0a13a01,169.39999389648438
64d33d4c9c,189.6999969482422
eda8dfa0ed,175.89999389648438
