Image_Name,Prediction
d7cd090ca8,188.10000610351562
a82c3c2965,161.89999389648438
feaec917f3,195.6999969482422
7081e041aa,197.0
5dd1c0c131,180.6999969482422
22e989cc9b,159.5
9bc08e060d,165.0
faf967f332,173.1999969482422
8c9b119aa2,183.39999389648438
f27da128ab,171.0
6eb0a13a01,167.5
64d33d4c9c,187.89999389648438
eda8dfa0ed,180.5
