Image_Name,Prediction
d7cd090ca8,180.8000030517578
a82c3c2965,163.1999969482422
feaec917f3,201.10000610351562
7081e041aa,203.0
5dd1c0c131,175.6999969482422
22e989cc9b,158.3000030517578
9bc08e060d,160.89999389648438
faf967f332,173.1999969482422
8c9b119aa2,186.5
f27da128ab,178.1999969482422
6eb0a13a01,168.39999389648438
64d33d4c9c,183.3000030517578
eda8dfa0ed,173.39999389648438
