Image_Name,Prediction
d7cd090ca8,188.1999969482422
a82c3c2965,156.39999389648438
feaec917f3,197.10000610351562
7081e041aa,203.5
5dd1c0c131,175.39999389648438
22e989cc9b,159.0
9bc08e060d,164.10000610351562
faf967f332,176.5
8c9b119aa2,186.8000030517578
f27da128ab,175.89999389648438
6eb0a13a01,167.39999389648438
64d33d4c9c,184.8000030517578
eda8dfa0ed,165.0
