Image_Name,Prediction
d7cd090ca8,186.5
a82c3c2965,163.1999969482422
feaec917f3,196.0
7081e041aa,201.1999969482422
5dd1c0c131,179.39999389648438
22e989cc9b,158.6999969482422
9bc08e060d,163.3000030517578
faf967f332,174.0
8c9b119aa2,186.6999969482422
f27da128ab,182.1999969482422
6eb0a13a01,169.1999969482422
64d33d4c9c,183.60000610351562
eda8dfa0ed,174.60000610351562
