Image_Name,Prediction
d7cd090ca8,189.10000610351562
a82c3c2965,164.10000610351562
feaec917f3,196.1999969482422
7081e041aa,200.39999389648438
5dd1c0c131,176.5
22e989cc9b,162.60000610351562
9bc08e060d,165.10000610351562
faf967f332,176.10000610351562
8c9b119aa2,186.0
f27da128ab,175.1999969482422
6eb0a13a01,168.10000610351562
64d33d4c9c,182.1999969482422
eda8dfa0ed,171.10000610351562
