Image_Name,Prediction
d7cd090ca8,189.10000610351562
a82c3c2965,162.3000030517578
feaec917f3,198.8000030517578
7081e041aa,197.3000030517578
5dd1c0c131,181.10000610351562
22e989cc9b,159.0
9bc08e060d,162.60000610351562
faf967f332,179.60000610351562
8c9b119aa2,187.3000030517578
f27da128ab,179.39999389648438
6eb0a13a01,168.89999389648438
64d33d4c9c,184.8000030517578
eda8dfa0ed,172.10000610351562
