Image_Name,Prediction
d7cd090ca8,189.3000030517578
a82c3c2965,165.6999969482422
feaec917f3,199.5
7081e041aa,197.39999389648438
5dd1c0c131,181.3000030517578
22e989cc9b,157.8000030517578
9bc08e060d,163.10000610351562
faf967f332,172.60000610351562
8c9b119aa2,185.3000030517578
f27da128ab,177.6999969482422
6eb0a13a01,164.6999969482422
64d33d4c9c,186.10000610351562
eda8dfa0ed,177.0
