Image_Name,Prediction
d7cd090ca8,188.89999389648438
a82c3c2965,162.8000030517578
feaec917f3,197.39999389648438
7081e041aa,196.6999969482422
5dd1c0c131,176.39999389648438
22e989cc9b,157.89999389648438
9bc08e060d,161.0
faf967f332,177.10000610351562
8c9b119aa2,183.5
f27da128ab,173.8000030517578
6eb0a13a01,166.5
64d33d4c9c,183.60000610351562
eda8dfa0ed,174.3000030517578
