Image_Name,Prediction
d7cd090ca8,194.1999969482422
a82c3c2965,166.3000030517578
feaec917f3,197.5
7081e041aa,196.89999389648438
5dd1c0c131,183.60000610351562
22e989cc9b,157.10000610351562
9bc08e060d,163.1999969482422
faf967f332,174.3000030517578
8c9b119aa2,182.5
f27da128ab,179.1999969482422
6eb0a13a01,168.10000610351562
64d33d4c9c,186.1999969482422
eda8dfa0ed,173.1999969482422
