Image_Name,Prediction
d7cd090ca8,192.5
a82c3c2965,160.10000610351562
feaec917f3,194.60000610351562
7081e041aa,190.10000610351562
5dd1c0c131,178.6999969482422
22e989cc9b,155.3000030517578
9bc08e060d,157.89999389648438
faf967f332,169.60000610351562
8c9b119aa2,180.0
f27da128ab,179.0
6eb0a13a01,164.3000030517578
64d33d4c9c,182.1999969482422
eda8dfa0ed,170.39999389648438
