Image_Name,Prediction
d7cd090ca8,187.8000030517578
a82c3c2965,160.1999969482422
feaec917f3,199.89999389648438
7081e041aa,195.10000610351562
5dd1c0c131,172.5
22e989cc9b,156.1999969482422
9bc08e060d,154.60000610351562
faf967f332,168.5
8c9b119aa2,183.0
f27da128ab,170.3000030517578
6eb0a13a01,164.8000030517578
64d33d4c9c,179.0
eda8dfa0ed,175.10000610351562
