Image_Name,Prediction
d7cd090ca8,184.5
a82c3c2965,158.0
feaec917f3,196.0
7081e041aa,194.0
5dd1c0c131,177.60000610351562
22e989cc9b,155.39999389648438
9bc08e060d,161.8000030517578
faf967f332,173.5
8c9b119aa2,183.89999389648438
f27da128ab,176.5
6eb0a13a01,162.60000610351562
64d33d4c9c,185.3000030517578
eda8dfa0ed,165.8000030517578
