Image_Name,Prediction
d7cd090ca8,184.8000030517578
a82c3c2965,164.8000030517578
feaec917f3,193.39999389648438
7081e041aa,199.89999389648438
5dd1c0c131,172.39999389648438
22e989cc9b,158.6999969482422
9bc08e060d,160.10000610351562
faf967f332,173.89999389648438
8c9b119aa2,185.1999969482422
f27da128ab,178.89999389648438
6eb0a13a01,167.1999969482422
64d33d4c9c,184.10000610351562
eda8dfa0ed,169.10000610351562
