Image_Name,Prediction
d7cd090ca8,179.5
a82c3c2965,160.10000610351562
feaec917f3,199.8000030517578
7081e041aa,198.5
5dd1c0c131,176.39999389648438
22e989cc9b,156.8000030517578
9bc08e060d,164.60000610351562
faf967f332,173.60000610351562
8c9b119aa2,185.0
f27da128ab,175.10000610351562
6eb0a13a01,166.39999389648438
64d33d4c9c,184.8000030517578
eda8dfa0ed,171.0
