Image_Name,Prediction
d7cd090ca8,187.1999969482422
a82c3c2965,163.60000610351562
feaec917f3,203.0
7081e041aa,195.10000610351562
5dd1c0c131,175.8000030517578
22e989cc9b,157.60000610351562
9bc08e060d,161.10000610351562
faf967f332,169.89999389648438
8c9b119aa2,180.6999969482422
f27da128ab,179.39999389648438
6eb0a13a01,161.8000030517578
64d33d4c9c,181.5
eda8dfa0ed,173.0
